State,Opportunity_Score
MI,63587.76239980033
PA,62024.499677731576
TX,59726.235488426886
NJ,30261.91889288361
IL,17209.106110853423
MA,16800.13840056141
NY,15271.132781331136
CA,14267.68243372506
NV,7944.380810039466
